title,image_url
Prodej bytu 5+1 98 m²,"https://d18-a.sdn.cz/d_18/c_img_QM_Ka/x8mBZh4.jpeg?fl=res,400,300,3|shr,,20|jpg,90"
Prodej bytu 3+1 59 m²,"https://d18-a.sdn.cz/d_18/c_img_QR_MC/CBRlQb.jpeg?fl=res,400,300,3|shr,,20|jpg,90"
Prodej bytu 2+kk 46 m²,"https://d18-a.sdn.cz/d_18/c_img_QJ_Jm/V9DBvjt.jpeg?fl=res,400,300,3|shr,,20|jpg,90"
Prodej bytu 3+kk 104 m²,"https://d18-a.sdn.cz/d_18/c_img_QN_J5/d4CO6M.jpeg?fl=res,400,300,3|shr,,20|jpg,90"
Prodej bytu 3+kk 58 m²,"https://d18-a.sdn.cz/d_18/c_img_QM_Ka/ISHBdta.jpeg?fl=res,400,300,3|shr,,20|jpg,90"
Prodej bytu 2+kk 58 m²,"https://d18-a.sdn.cz/d_18/c_img_QK_Jl/JpVQDG.jpeg?fl=res,400,300,3|shr,,20|jpg,90"
Prodej bytu 4+1 178 m²,"https://d18-a.sdn.cz/d_18/c_img_QO_K0/lWQKif.jpeg?fl=res,400,300,3|shr,,20|jpg,90"
Prodej bytu 2+1 60 m²,"https://d18-a.sdn.cz/d_18/c_img_gX_p/12BLJx.jpeg?fl=res,400,300,3|shr,,20|jpg,90"
Prodej bytu 2+kk 50 m²,"https://d18-a.sdn.cz/d_18/c_img_QN_J5/0oMVNG.jpeg?fl=res,400,300,3|shr,,20|jpg,90"
Prodej bytu 4+kk 90 m²,"https://d18-a.sdn.cz/d_18/c_img_QQ_Ld/1ceBAH6.jpeg?fl=res,400,300,3|shr,,20|jpg,90"
Prodej bytu 2+kk 53 m²,"https://d18-a.sdn.cz/d_18/c_img_QQ_Le/cFSBPZt.jpeg?fl=res,400,300,3|shr,,20|jpg,90"
Prodej bytu 2+1 83 m²,"https://d18-a.sdn.cz/d_18/c_img_QK_Jl/h0IBbcp.jpeg?fl=res,400,300,3|shr,,20|jpg,90"
Prodej bytu 3+kk 83 m²,"https://d18-a.sdn.cz/d_18/c_img_QP_K4/NvMMXI.jpeg?fl=res,400,300,3|shr,,20|jpg,90"
Prodej bytu 3+kk 74 m²,"https://d18-a.sdn.cz/d_18/c_img_QO_K1/7pQnj7.jpeg?fl=res,400,300,3|shr,,20|jpg,90"
Prodej bytu 3+kk 122 m²,"https://d18-a.sdn.cz/d_18/c_img_QP_Kx/TDQak9.jpeg?fl=res,400,300,3|shr,,20|jpg,90"
Prodej bytu 2+kk 55 m²,"https://d18-a.sdn.cz/d_18/c_img_QO_K1/7YbxlQ.jpeg?fl=res,400,300,3|shr,,20|jpg,90"
Prodej bytu 2+1 44 m²,"https://d18-a.sdn.cz/d_18/c_img_QL_J4/mw3BNqn.jpeg?fl=res,400,300,3|shr,,20|jpg,90"
Prodej bytu 2+1 48 m²,"https://d18-a.sdn.cz/d_18/c_img_QP_K5/kpUBZkX.jpeg?fl=res,400,300,3|shr,,20|jpg,90"
Prodej bytu 1+1 30 m²,"https://d18-a.sdn.cz/d_18/c_img_QK_Jn/fEqBHlv.jpeg?fl=res,400,300,3|shr,,20|jpg,90"
Prodej bytu 2+kk 49 m²,"https://d18-a.sdn.cz/d_18/c_img_QO_K1/KcrxVP.jpeg?fl=res,400,300,3|shr,,20|jpg,90"
Prodej bytu 4+kk 120 m²,"https://d18-a.sdn.cz/d_18/c_img_QK_Jn/5TTbj6.jpeg?fl=res,400,300,3|shr,,20|jpg,90"
Prodej bytu 3+kk 90 m²,"https://d18-a.sdn.cz/d_18/c_img_QP_K5/tjnBZjy.jpeg?fl=res,400,300,3|shr,,20|jpg,90"
Prodej bytu 2+kk 54 m²,"https://d18-a.sdn.cz/d_18/c_img_QQ_Le/f15BiQ7.jpeg?fl=res,400,300,3|shr,,20|jpg,90"
Prodej bytu 3+1 59 m²,"https://d18-a.sdn.cz/d_18/c_img_QR_MD/ZxoLsU.jpeg?fl=res,400,300,3|shr,,20|jpg,90"
Prodej bytu 2+1 40 m²,"https://d18-a.sdn.cz/d_18/c_img_QN_J5/vxQBXZn.jpeg?fl=res,400,300,3|shr,,20|jpg,90"
Prodej bytu 1+kk 28 m²,"https://d18-a.sdn.cz/d_18/c_img_QO_K1/mwNXuq.jpeg?fl=res,400,300,3|shr,,20|jpg,90"
Prodej bytu 4+1 91 m²,"https://d18-a.sdn.cz/d_18/c_img_QQ_Lg/tbKfb9.jpeg?fl=res,400,300,3|shr,,20|jpg,90"
Prodej bytu 3+kk 179 m²,"https://d18-a.sdn.cz/d_18/c_img_QK_Jn/EStBDxF.jpeg?fl=res,400,300,3|shr,,20|jpg,90"
Prodej bytu 3+kk 79 m²,"https://d18-a.sdn.cz/d_18/c_img_QL_J3/ZB8OJp.jpeg?fl=res,400,300,3|shr,,20|jpg,90"
Prodej bytu 3+1 70 m²,"https://d18-a.sdn.cz/d_18/c_img_QL_J4/LXOBr7G.jpeg?fl=res,400,300,3|shr,,20|jpg,90"
Prodej bytu 3+1 66 m²,"https://d18-a.sdn.cz/d_18/c_img_QR_MC/ZBKCAH6.jpeg?fl=res,400,300,3|shr,,20|jpg,90"
Prodej bytu 2+1 44 m²,"https://d18-a.sdn.cz/d_18/c_img_QM_Kc/wSdLvq.jpeg?fl=res,400,300,3|shr,,20|jpg,90"
Prodej bytu atypické 98 m² (Mezonet),"https://d18-a.sdn.cz/d_18/c_img_QJ_Jn/99OLqf.jpeg?fl=res,400,300,3|shr,,20|jpg,90"
Prodej bytu 2+1 63 m²,"https://d18-a.sdn.cz/d_18/c_img_QM_Ka/uaAB3c7.jpeg?fl=res,400,300,3|shr,,20|jpg,90"
Prodej bytu 2+kk 93 m² (Mezonet),"https://d18-a.sdn.cz/d_18/c_img_QO_K0/69WB79r.jpeg?fl=res,400,300,3|shr,,20|jpg,90"
Prodej bytu 2+kk 47 m²,"https://d18-a.sdn.cz/d_18/c_img_QN_J5/mp8BT4i.jpeg?fl=res,400,300,3|shr,,20|jpg,90"
Prodej bytu 2+kk 44 m²,"https://d18-a.sdn.cz/d_18/c_img_QK_Jl/yHHBk9o.jpeg?fl=res,400,300,3|shr,,20|jpg,90"
Prodej bytu 4+kk 121 m²,"https://d18-a.sdn.cz/d_18/c_img_QO_K0/FdICDNX.jpeg?fl=res,400,300,3|shr,,20|jpg,90"
Prodej bytu 3+kk 74 m²,"https://d18-a.sdn.cz/d_18/c_img_QO_K1/IKUxbq.jpeg?fl=res,400,300,3|shr,,20|jpg,90"
Prodej bytu 4+kk 110 m²,"https://d18-a.sdn.cz/d_18/c_img_QO_K0/TDjBzk3.jpeg?fl=res,400,300,3|shr,,20|jpg,90"
Prodej bytu 3+1 92 m²,"https://d18-a.sdn.cz/d_18/c_img_QO_K1/lfBqd5.jpeg?fl=res,400,300,3|shr,,20|jpg,90"
Prodej bytu 2+1 41 m²,"https://d18-a.sdn.cz/d_18/c_img_QL_Jt/GQAqg0.jpeg?fl=res,400,300,3|shr,,20|jpg,90"
Prodej bytu 3+1 70 m²,"https://d18-a.sdn.cz/d_18/c_img_QR_MD/sS8LmO.jpeg?fl=res,400,300,3|shr,,20|jpg,90"
Prodej bytu 3+1 67 m²,"https://d18-a.sdn.cz/d_18/c_img_QM_Kb/JNTndn.jpeg?fl=res,400,300,3|shr,,20|jpg,90"
Prodej bytu 3+kk 59 m²,"https://d18-a.sdn.cz/d_18/c_img_QM_Kc/dNwLsz.mpo?fl=res,400,300,3|shr,,20|jpg,90"
Prodej bytu 3+1 102 m²,"https://d18-a.sdn.cz/d_18/c_img_QR_MD/UWALlM.jpeg?fl=res,400,300,3|shr,,20|jpg,90"
Prodej bytu 2+1 48 m²,"https://d18-a.sdn.cz/d_18/c_img_QK_Jn/FS8BHdL.jpeg?fl=res,400,300,3|shr,,20|jpg,90"
Prodej bytu 3+kk 64 m²,"https://d18-a.sdn.cz/d_18/c_img_QQ_Lg/dylfWN.jpeg?fl=res,400,300,3|shr,,20|jpg,90"
Prodej bytu 2+kk 41 m²,"https://d18-a.sdn.cz/d_18/c_img_QR_MC/KRhNzx.jpeg?fl=res,400,300,3|shr,,20|jpg,90"
Prodej bytu 2+1 49 m²,"https://d18-a.sdn.cz/d_18/c_img_QM_Kc/CP4Lpe.jpeg?fl=res,400,300,3|shr,,20|jpg,90"
Prodej bytu 3+kk 134 m²,"https://d18-a.sdn.cz/d_18/c_img_QP_K5/IGpBCox.jpeg?fl=res,400,300,3|shr,,20|jpg,90"
Prodej bytu 3+kk 89 m²,"https://d18-a.sdn.cz/d_18/c_img_QO_K0/pqcB6qa.jpeg?fl=res,400,300,3|shr,,20|jpg,90"
Prodej bytu 3+kk 91 m²,"https://d18-a.sdn.cz/d_18/c_img_QN_J5/YM7BT6U.jpeg?fl=res,400,300,3|shr,,20|jpg,90"
Prodej bytu 2+kk 58 m²,"https://d18-a.sdn.cz/d_18/c_img_QO_K0/xImCBtx.jpeg?fl=res,400,300,3|shr,,20|jpg,90"
Prodej bytu 1+kk 34 m²,"https://d18-a.sdn.cz/d_18/c_img_QO_K1/5j6foh.jpeg?fl=res,400,300,3|shr,,20|jpg,90"
Prodej bytu 2+1 52 m²,"https://d18-a.sdn.cz/d_18/c_img_QL_J4/eVIBoHD.jpeg?fl=res,400,300,3|shr,,20|jpg,90"
Prodej bytu 2+1 66 m²,"https://d18-a.sdn.cz/d_18/c_img_QI_Jh/7AZLXM.jpeg?fl=res,400,300,3|shr,,20|jpg,90"
Prodej bytu 2+kk 57 m²,"https://d18-a.sdn.cz/d_18/c_img_QM_Kc/X3XLxA.jpeg?fl=res,400,300,3|shr,,20|jpg,90"
Prodej bytu 1+kk 22 m²,"https://d18-a.sdn.cz/d_18/c_img_QO_K1/WPfxVk.jpeg?fl=res,400,300,3|shr,,20|jpg,90"
Prodej bytu 1+kk 20 m²,"https://d18-a.sdn.cz/d_18/c_img_QM_Kb/ZHRCDLO.jpeg?fl=res,400,300,3|shr,,20|jpg,90"
Prodej bytu 3+kk 95 m²,"https://d18-a.sdn.cz/d_18/c_img_QJ_Jm/Xd6B2BA.jpeg?fl=res,400,300,3|shr,,20|jpg,90"
Prodej bytu 3+1 73 m²,"https://d18-a.sdn.cz/d_18/c_img_QK_Jk/jQFaWi.jpeg?fl=res,400,300,3|shr,,20|jpg,90"
Prodej bytu atypické 112 m²,"https://d18-a.sdn.cz/d_18/c_img_QJ_Jm/wrb7Lt.jpeg?fl=res,400,300,3|shr,,20|jpg,90"
Prodej bytu 3+1 74 m²,"https://d18-a.sdn.cz/d_18/c_img_QN_J3/u9OB0Gf.mpo?fl=rot,270,0|res,400,300,3|shr,,20|jpg,90"
Prodej bytu 3+1 59 m²,"https://d18-a.sdn.cz/d_18/c_img_QO_K1/lLpxR5.jpeg?fl=res,400,300,3|shr,,20|jpg,90"
Prodej bytu 2+kk 60 m²,"https://d18-a.sdn.cz/d_18/c_img_QI_Jh/ylUL3W.jpeg?fl=res,400,300,3|shr,,20|jpg,90"
Prodej bytu 2+1 59 m²,"https://d18-a.sdn.cz/d_18/c_img_QJ_Jg/h5LCCe8.jpeg?fl=res,400,300,3|shr,,20|jpg,90"
Prodej bytu 2+kk 36 m²,"https://d18-a.sdn.cz/d_18/c_img_QJ_Jm/9mxBhZx.jpeg?fl=res,400,300,3|shr,,20|jpg,90"
Prodej bytu 2+1 66 m²,"https://d18-a.sdn.cz/d_18/c_img_QI_Jg/hPgBjYo.jpeg?fl=res,400,300,3|shr,,20|jpg,90"
Prodej bytu 3+kk 59 m²,"https://d18-a.sdn.cz/d_18/c_img_QN_J5/2mO7M7.jpeg?fl=res,400,300,3|shr,,20|jpg,90"
Prodej bytu 3+kk 67 m²,"https://d18-a.sdn.cz/d_18/c_img_QJ_Jm/Xf3B1ph.jpeg?fl=res,400,300,3|shr,,20|jpg,90"
Prodej bytu 5+1 192 m²,"https://d18-a.sdn.cz/d_18/c_img_QP_K5/p9dq9p.jpeg?fl=res,400,300,3|shr,,20|jpg,90"
Prodej bytu 2+1 48 m²,"https://d18-a.sdn.cz/d_18/c_img_QM_Kb/gyDBpak.jpeg?fl=res,400,300,3|shr,,20|jpg,90"
Prodej bytu 2+kk 43 m²,"https://d18-a.sdn.cz/d_18/c_img_QQ_Lg/tjjFWx.jpeg?fl=res,400,300,3|shr,,20|jpg,90"
Prodej bytu 2+kk 33 m²,"https://d18-a.sdn.cz/d_18/c_img_QP_K5/eaeq9B.jpeg?fl=res,400,300,3|shr,,20|jpg,90"
Prodej bytu 2+kk 106 m²,"https://d18-a.sdn.cz/d_18/c_img_QN_J5/Ly8BQwH.jpeg?fl=res,400,300,3|shr,,20|jpg,90"
Prodej bytu 2+kk 46 m²,"https://d18-a.sdn.cz/d_18/c_img_QQ_Le/01zBMEJ.jpeg?fl=res,400,300,3|shr,,20|jpg,90"
Prodej bytu 3+1 88 m²,"https://d18-a.sdn.cz/d_18/c_img_QR_MC/M1QBE9r.jpeg?fl=res,400,300,3|shr,,20|jpg,90"
Prodej bytu 2+1 61 m²,"https://d18-a.sdn.cz/d_18/c_img_QP_K2/EZuB1kt.jpeg?fl=res,400,300,3|shr,,20|jpg,90"
Prodej bytu 2+kk 38 m²,"https://d18-a.sdn.cz/d_18/c_img_QQ_Le/AfVxdK.jpeg?fl=res,400,300,3|shr,,20|jpg,90"
Prodej bytu 3+1 63 m²,"https://d18-a.sdn.cz/d_18/c_img_QJ_Jm/uOWxmg.jpeg?fl=res,400,300,3|shr,,20|jpg,90"
Prodej bytu 2+kk 72 m²,"https://d18-a.sdn.cz/d_18/c_img_QL_J4/3jswfp.jpeg?fl=res,400,300,3|shr,,20|jpg,90"
Prodej bytu 1+kk 27 m²,"https://d18-a.sdn.cz/d_18/c_img_QN_Jz/jlAUcO.jpeg?fl=res,400,300,3|shr,,20|jpg,90"
Prodej bytu 2+1 51 m²,"https://d18-a.sdn.cz/d_18/c_img_QQ_Lg/TRKfOh.jpeg?fl=res,400,300,3|shr,,20|jpg,90"
Prodej bytu 4+1 112 m² (Podkrovní),"https://d18-a.sdn.cz/d_18/c_img_QO_K1/pBmxQY.jpeg?fl=res,400,300,3|shr,,20|jpg,90"
Prodej bytu 3+1 63 m²,"https://d18-a.sdn.cz/d_18/c_img_QO_K1/1GJv6G.jpeg?fl=res,400,300,3|shr,,20|jpg,90"
Prodej bytu 1+kk 27 m²,"https://d18-a.sdn.cz/d_18/c_img_QO_K1/CciwX3.jpeg?fl=res,400,300,3|shr,,20|jpg,90"
Prodej bytu 3+kk 66 m²,"https://d18-a.sdn.cz/d_18/c_img_QJ_Jl/1TwBqDm.jpeg?fl=res,400,300,3|shr,,20|jpg,90"
Prodej bytu 3+1 70 m²,"https://d18-a.sdn.cz/d_18/c_img_QO_Ky/lrsLCb.jpeg?fl=res,400,300,3|shr,,20|jpg,90"
Prodej bytu 1+kk 46 m²,"https://d18-a.sdn.cz/d_18/c_img_QR_MC/luOB9Dc.jpeg?fl=res,400,300,3|shr,,20|jpg,90"
Prodej bytu 3+1 62 m²,"https://d18-a.sdn.cz/d_18/c_img_QM_Kb/v5etoD.jpeg?fl=res,400,300,3|shr,,20|jpg,90"
Prodej bytu 2+1 50 m²,"https://d18-a.sdn.cz/d_18/c_img_QN_J4/197f9e.jpeg?fl=res,400,300,3|shr,,20|jpg,90"
Prodej bytu 2+1 41 m²,"https://d18-a.sdn.cz/d_18/c_img_QN_J5/EcGvqN.jpeg?fl=res,400,300,3|shr,,20|jpg,90"
Prodej bytu 2+1 42 m²,"https://d18-a.sdn.cz/d_18/c_img_QJ_Jm/Dh3BqHF.jpeg?fl=res,400,300,3|shr,,20|jpg,90"
Prodej bytu 2+kk 40 m²,"https://d18-a.sdn.cz/d_18/c_img_QM_Kb/tH4ady.jpeg?fl=res,400,300,3|shr,,20|jpg,90"
Prodej bytu 3+1 63 m²,"https://d18-a.sdn.cz/d_18/c_img_QR_MD/zipJ5a.jpeg?fl=res,400,300,3|shr,,20|jpg,90"
Prodej bytu 2+kk 44 m²,"https://d18-a.sdn.cz/d_18/c_img_QQ_Le/o32FWd.jpeg?fl=res,400,300,3|shr,,20|jpg,90"
Prodej bytu 3+1 90 m²,"https://d18-a.sdn.cz/d_18/c_img_QR_MC/WAQ0LF.jpeg?fl=res,400,300,3|shr,,20|jpg,90"
Prodej bytu 2+1 59 m²,"https://d18-a.sdn.cz/d_18/c_img_QQ_Le/3pQz8p.jpeg?fl=res,400,300,3|shr,,20|jpg,90"
Prodej bytu 2+kk 44 m²,"https://d18-a.sdn.cz/d_18/c_img_QN_J4/dNTFbO.jpeg?fl=res,400,300,3|shr,,20|jpg,90"
Prodej bytu 3+1 61 m²,"https://d18-a.sdn.cz/d_18/c_img_QM_Ka/tn6jcf.jpeg?fl=res,400,300,3|shr,,20|jpg,90"
Prodej bytu 3+kk 60 m²,"https://d18-a.sdn.cz/d_18/c_img_QO_K0/ZYdFx6.jpeg?fl=res,400,300,3|shr,,20|jpg,90"
Prodej bytu 3+kk 80 m²,"https://d18-a.sdn.cz/d_18/c_img_QI_Jf/WK6BZ9U.jpeg?fl=res,400,300,3|shr,,20|jpg,90"
Prodej bytu 3+kk 96 m²,"https://d18-a.sdn.cz/d_18/c_img_QJ_Jm/ww4Gmh.jpeg?fl=res,400,300,3|shr,,20|jpg,90"
Prodej bytu 3+kk 76 m²,"https://d18-a.sdn.cz/d_18/c_img_QK_Jl/uE9ByKB.jpeg?fl=res,400,300,3|shr,,20|jpg,90"
Prodej bytu 3+kk 73 m²,"https://d18-a.sdn.cz/d_18/c_img_QQ_Le/CYJ1Yg.jpeg?fl=res,400,300,3|shr,,20|jpg,90"
Prodej bytu 2+1 61 m²,"https://d18-a.sdn.cz/d_18/c_img_QK_Jl/3uSB8Hf.jpeg?fl=res,400,300,3|shr,,20|jpg,90"
Prodej bytu 4+1 74 m²,"https://d18-a.sdn.cz/d_18/c_img_QR_MC/KrcBSZ2.jpeg?fl=res,400,300,3|shr,,20|jpg,90"
Prodej bytu 2+1 47 m²,"https://d18-a.sdn.cz/d_18/c_img_QN_J5/Ff4WZs.jpeg?fl=res,400,300,3|shr,,20|jpg,90"
Prodej bytu 2+kk 56 m² (Mezonet),"https://d18-a.sdn.cz/d_18/c_img_QK_Jl/AWzBCfm.jpeg?fl=res,400,300,3|shr,,20|jpg,90"
Prodej bytu 2+kk 59 m²,"https://d18-a.sdn.cz/d_18/c_img_QO_Kz/gOTBDlC.jpeg?fl=res,400,300,3|shr,,20|jpg,90"
Prodej bytu 4+1 63 m²,"https://d18-a.sdn.cz/d_18/c_img_QN_Jy/WW3BzQr.jpeg?fl=res,400,300,3|shr,,20|jpg,90"
Prodej bytu 2+kk 59 m² (Mezonet),"https://d18-a.sdn.cz/d_18/c_img_QN_J4/FOnF56.jpeg?fl=res,400,300,3|shr,,20|jpg,90"
Prodej bytu 3+1 115 m² (Mezonet),"https://d18-a.sdn.cz/d_18/c_img_QM_Kb/6S1GA8.jpeg?fl=res,400,300,3|shr,,20|jpg,90"
Prodej bytu 5+kk 145 m² (Mezonet),"https://d18-a.sdn.cz/d_18/c_img_QM_Kb/xvhGA0.jpeg?fl=res,400,300,3|shr,,20|jpg,90"
Prodej bytu 3+kk 90 m² (Mezonet),"https://d18-a.sdn.cz/d_18/c_img_QM_Kb/R31GAu.jpeg?fl=res,400,300,3|shr,,20|jpg,90"
Prodej bytu 1+kk 40 m²,"https://d18-a.sdn.cz/d_18/c_img_QK_Jn/wQHBDJw.jpeg?fl=res,400,300,3|shr,,20|jpg,90"
Prodej bytu 3+1 96 m²,"https://d18-a.sdn.cz/d_18/c_img_QJ_Jm/NpKmhp.jpeg?fl=res,400,300,3|shr,,20|jpg,90"
Prodej bytu 2+kk 42 m²,"https://d18-a.sdn.cz/d_18/c_img_QR_MC/lPoBRpQ.jpeg?fl=res,400,300,3|shr,,20|jpg,90"
Prodej bytu 3+kk 74 m²,"https://d18-a.sdn.cz/d_18/c_img_QI_Jg/LhW04e.jpeg?fl=res,400,300,3|shr,,20|jpg,90"
Prodej bytu 1+1 46 m²,"https://d18-a.sdn.cz/d_18/c_img_QN_J5/iGnBMNq.jpeg?fl=res,400,300,3|shr,,20|jpg,90"
Prodej bytu 3+1 69 m²,"https://d18-a.sdn.cz/d_18/c_img_QK_Jg/4lXZOr.jpeg?fl=res,400,300,3|shr,,20|jpg,90"
Prodej bytu 3+1 59 m²,"https://d18-a.sdn.cz/d_18/c_img_QP_K3/eSwFWl.jpeg?fl=res,400,300,3|shr,,20|jpg,90"
Prodej bytu 1+kk 22 m²,"https://d18-a.sdn.cz/d_18/c_img_QR_L6/ErrYZ7.jpeg?fl=res,400,300,3|shr,,20|jpg,90"
Prodej bytu 2+1 89 m²,"https://d18-a.sdn.cz/d_18/c_img_QQ_Le/gtNXnr.jpeg?fl=res,400,300,3|shr,,20|jpg,90"
Prodej bytu 2+1 49 m²,"https://d18-a.sdn.cz/d_18/c_img_QO_K1/Zjtwbs.jpeg?fl=res,400,300,3|shr,,20|jpg,90"
Prodej bytu 2+kk 46 m²,"https://d18-a.sdn.cz/d_18/c_img_QL_J4/ubaBrpl.jpeg?fl=res,400,300,3|shr,,20|jpg,90"
Prodej bytu 3+1 61 m²,"https://d18-a.sdn.cz/d_18/c_img_QJ_Jn/NT1LXt.jpeg?fl=res,400,300,3|shr,,20|jpg,90"
Prodej bytu 2+1 57 m²,"https://d18-a.sdn.cz/d_18/c_img_QK_Jn/piEBHPT.jpeg?fl=res,400,300,3|shr,,20|jpg,90"
Prodej bytu 2+kk 38 m²,"https://d18-a.sdn.cz/d_18/c_img_QO_K1/eSuxKb.jpeg?fl=res,400,300,3|shr,,20|jpg,90"
Prodej bytu 3+kk 54 m²,"https://d18-a.sdn.cz/d_18/c_img_QQ_Le/5VEe6e.jpeg?fl=res,400,300,3|shr,,20|jpg,90"
Prodej bytu 4+kk 110 m²,"https://d18-a.sdn.cz/d_18/c_img_QN_J5/nt4hU0.jpeg?fl=res,400,300,3|shr,,20|jpg,90"
Prodej bytu 5+kk 248 m²,"https://d18-a.sdn.cz/d_18/c_img_QL_J4/Umj17H.jpeg?fl=res,400,300,3|shr,,20|jpg,90"
Prodej bytu 2+1 62 m²,"https://d18-a.sdn.cz/d_18/c_img_QN_J5/Nq5BI3v.jpeg?fl=res,400,300,3|shr,,20|jpg,90"
Prodej bytu 1+kk 27 m²,"https://d18-a.sdn.cz/d_18/c_img_QM_Kc/XXlKj5.jpeg?fl=res,400,300,3|shr,,20|jpg,90"
Prodej bytu 4+kk 109 m²,"https://d18-a.sdn.cz/d_18/c_img_gY_p/w85hpw.jpeg?fl=res,400,300,3|shr,,20|jpg,90"
Prodej bytu 3+kk 65 m²,"https://d18-a.sdn.cz/d_18/c_img_QJ_Jf/FgnXBL.jpeg?fl=res,400,300,3|shr,,20|jpg,90"
Prodej bytu 1+1 59 m²,"https://d18-a.sdn.cz/d_18/c_img_QR_MB/4gWRrV.jpeg?fl=res,400,300,3|shr,,20|jpg,90"
Prodej bytu 2+kk 47 m²,"https://d18-a.sdn.cz/d_18/c_img_QQ_LU/vwrfpG.jpeg?fl=res,400,300,3|shr,,20|jpg,90"
Prodej bytu 3+kk 66 m²,"https://d18-a.sdn.cz/d_18/c_img_QN_Jv/lZPfyG.jpeg?fl=res,400,300,3|shr,,20|jpg,90"
Prodej bytu 3+kk 62 m²,"https://d18-a.sdn.cz/d_18/c_img_QP_Kx/HdNBVS7.jpeg?fl=res,400,300,3|shr,,20|jpg,90"
Prodej bytu 2+kk 48 m²,"https://d18-a.sdn.cz/d_18/c_img_QJ_Jn/TOtC2C.jpeg?fl=res,400,300,3|shr,,20|jpg,90"
Prodej bytu 2+kk 48 m²,"https://d18-a.sdn.cz/d_18/c_img_QP_K2/X93DGD.jpeg?fl=res,400,300,3|shr,,20|jpg,90"
Prodej bytu 3+kk 104 m²,"https://d18-a.sdn.cz/d_18/c_img_gS_o/NSmGKN.jpeg?fl=res,400,300,3|shr,,20|jpg,90"
Prodej bytu 2+kk 50 m²,"https://d18-a.sdn.cz/d_18/c_img_QJ_Jf/s3If42.jpeg?fl=res,400,300,3|shr,,20|jpg,90"
Prodej bytu 1+1 37 m²,"https://d18-a.sdn.cz/d_18/c_img_gQ_q/8mny4g.jpeg?fl=res,400,300,3|shr,,20|jpg,90"
Prodej bytu 2+kk 37 m²,"https://d18-a.sdn.cz/d_18/c_img_QL_J4/mygBk3C.jpeg?fl=res,400,300,3|shr,,20|jpg,90"
Prodej bytu 3+kk 90 m²,"https://d18-a.sdn.cz/d_18/c_img_QM_KS/xgLJNC.jpeg?fl=res,400,300,3|shr,,20|jpg,90"
Prodej bytu 3+1 73 m²,"https://d18-a.sdn.cz/d_18/c_img_QK_Jn/9bU5JE.jpeg?fl=res,400,300,3|shr,,20|jpg,90"
Prodej bytu 4+kk 108 m²,"https://d18-a.sdn.cz/d_18/c_img_QM_KS/rqlddf.jpeg?fl=res,400,300,3|shr,,20|jpg,90"
Prodej bytu 1+kk 36 m²,"https://d18-a.sdn.cz/d_18/c_img_QR_MB/yRCBAJL.jpeg?fl=res,400,300,3|shr,,20|jpg,90"
Prodej bytu 3+kk 70 m²,"https://d18-a.sdn.cz/d_18/c_img_gZ_r/9rgB8Hi.jpeg?fl=res,400,300,3|shr,,20|jpg,90"
Prodej bytu 2+1 45 m²,"https://d18-a.sdn.cz/d_18/c_img_QJ_Jn/zwYLVZ.jpeg?fl=res,400,300,3|shr,,20|jpg,90"
Prodej bytu 4+kk 109 m²,"https://d18-a.sdn.cz/d_18/c_img_QQ_LX/wtcqBm.jpeg?fl=res,400,300,3|shr,,20|jpg,90"
Prodej bytu 3+kk 63 m²,"https://d18-a.sdn.cz/d_18/c_img_QP_Kx/z03kZb.jpeg?fl=res,400,300,3|shr,,20|jpg,90"
Prodej bytu 2+1 65 m²,"https://d18-a.sdn.cz/d_18/c_img_QP_K5/ZljBRp5.jpeg?fl=res,400,300,3|shr,,20|jpg,90"
Prodej bytu 3+kk 54 m²,"https://d18-a.sdn.cz/d_18/c_img_QQ_Lg/7CXRQg.jpeg?fl=res,400,300,3|shr,,20|jpg,90"
Prodej bytu 4+kk 103 m²,"https://d18-a.sdn.cz/d_18/c_img_QJ_Jg/fEHB7DJ.jpeg?fl=res,400,300,3|shr,,20|jpg,90"
Prodej bytu 3+kk 68 m²,"https://d18-a.sdn.cz/d_18/c_img_QJ_Jg/5o4B7HN.jpeg?fl=res,400,300,3|shr,,20|jpg,90"
Prodej bytu 1+1 29 m²,"https://d18-a.sdn.cz/d_18/c_img_QN_J5/I15Ovq.jpeg?fl=res,400,300,3|shr,,20|jpg,90"
Prodej bytu 1+kk 26 m²,"https://d18-a.sdn.cz/d_18/c_img_QL_J2/rlDBzmU.jpeg?fl=res,400,300,3|shr,,20|jpg,90"
Prodej bytu 2+kk 45 m²,"https://d18-a.sdn.cz/d_18/c_img_gZ_r/J9tB9aR.jpeg?fl=res,400,300,3|shr,,20|jpg,90"
Prodej bytu 2+kk 48 m²,"https://d18-a.sdn.cz/d_18/c_img_QO_K0/gaNBc2o.jpeg?fl=res,400,300,3|shr,,20|jpg,90"
Prodej bytu 3+kk 66 m²,"https://d18-a.sdn.cz/d_18/c_img_gU_p/g76B8x5.jpeg?fl=res,400,300,3|shr,,20|jpg,90"
Prodej bytu 4+kk 105 m²,"https://d18-a.sdn.cz/d_18/c_img_gW_p/pEBRY.jpeg?fl=res,400,300,3|shr,,20|jpg,90"
Prodej bytu atypické 25 m²,"https://d18-a.sdn.cz/d_18/c_img_QR_MB/k1JBbzF.jpeg?fl=res,400,300,3|shr,,20|jpg,90"
Prodej bytu atypické 61 m²,"https://d18-a.sdn.cz/d_18/c_img_QM_Ka/xdlBb08.jpeg?fl=res,400,300,3|shr,,20|jpg,90"
Prodej bytu atypické 80 m²,"https://d18-a.sdn.cz/d_18/c_img_QR_MB/yEfBb3a.jpeg?fl=res,400,300,3|shr,,20|jpg,90"
Prodej bytu 2+kk 50 m²,"https://d18-a.sdn.cz/d_18/c_img_QM_KQ/TcTTQP.jpeg?fl=res,400,300,3|shr,,20|jpg,90"
Prodej bytu 4+kk 101 m²,"https://d18-a.sdn.cz/d_18/c_img_QO_K0/eAtBCvm.jpeg?fl=res,400,300,3|shr,,20|jpg,90"
Prodej bytu 1+kk 32 m²,"https://d18-a.sdn.cz/d_18/c_img_QM_KR/5MET7s.jpeg?fl=res,400,300,3|shr,,20|jpg,90"
Prodej bytu 3+kk 94 m² (Mezonet),"https://d18-a.sdn.cz/d_18/c_img_QK_JZ/53EZSf.jpeg?fl=res,400,300,3|shr,,20|jpg,90"
Prodej bytu 3+1 77 m²,"https://d18-a.sdn.cz/d_18/c_img_QJ_Jm/o08B6Cm.jpeg?fl=res,400,300,3|shr,,20|jpg,90"
Prodej bytu 2+kk 57 m²,"https://d18-a.sdn.cz/d_18/c_img_QL_Jw/pbXT7K.jpeg?fl=res,400,300,3|shr,,20|jpg,90"
Prodej bytu 3+kk 108 m²,"https://d18-a.sdn.cz/d_18/c_img_QK_Jn/iUtagj.jpeg?fl=res,400,300,3|shr,,20|jpg,90"
Prodej bytu 4+kk 103 m²,"https://d18-a.sdn.cz/d_18/c_img_QQ_LX/T0jjwQ.jpeg?fl=res,400,300,3|shr,,20|jpg,90"
Prodej bytu 3+kk 72 m²,"https://d18-a.sdn.cz/d_18/c_img_QM_KW/QpRCjq.jpeg?fl=res,400,300,3|shr,,20|jpg,90"
Prodej bytu 2+kk 42 m²,"https://d18-a.sdn.cz/d_18/c_img_gY_q/xLpB0Uc.jpeg?fl=res,400,300,3|shr,,20|jpg,90"
Prodej bytu 1+kk 28 m²,"https://d18-a.sdn.cz/d_18/c_img_QO_Ks/WhMi8j.jpeg?fl=res,400,300,3|shr,,20|jpg,90"
Prodej bytu 2+1 52 m²,"https://d18-a.sdn.cz/d_18/c_img_gY_q/WPxB3we.jpeg?fl=res,400,300,3|shr,,20|jpg,90"
Prodej bytu 3+kk 119 m²,"https://d18-a.sdn.cz/d_18/c_img_gY_q/z0XB12g.jpeg?fl=res,400,300,3|shr,,20|jpg,90"
Prodej bytu 3+kk 73 m²,"https://d18-a.sdn.cz/d_18/c_img_QM_KW/laEBc8J.jpeg?fl=res,400,300,3|shr,,20|jpg,90"
Prodej bytu 2+1 55 m²,"https://d18-a.sdn.cz/d_18/c_img_QN_J3/AugBwfb.jpeg?fl=res,400,300,3|shr,,20|jpg,90"
Prodej bytu 3+kk 70 m²,"https://d18-a.sdn.cz/d_18/c_img_QJ_Jm/8XJBIJc.jpeg?fl=res,400,300,3|shr,,20|jpg,90"
Prodej bytu 2+1 57 m²,"https://d18-a.sdn.cz/d_18/c_img_QP_K4/zcUUaY.jpeg?fl=res,400,300,3|shr,,20|jpg,90"
Prodej bytu 1+kk 55 m²,"https://d18-a.sdn.cz/d_18/c_img_QI_Jg/u5NueQ.jpeg?fl=res,400,300,3|shr,,20|jpg,90"
Prodej bytu 3+1 69 m²,"https://d18-a.sdn.cz/d_18/c_img_QR_MC/U18Bk3N.jpeg?fl=res,400,300,3|shr,,20|jpg,90"
Prodej bytu 3+kk 80 m²,"https://d18-a.sdn.cz/d_18/c_img_QJ_Jm/CjFBlC2.jpeg?fl=res,400,300,3|shr,,20|jpg,90"
Prodej bytu 4+kk 85 m²,"https://d18-a.sdn.cz/d_18/c_img_QI_Jg/AkRBlRa.jpeg?fl=res,400,300,3|shr,,20|jpg,90"
Prodej bytu 3+kk 65 m²,"https://d18-a.sdn.cz/d_18/c_img_QM_Kb/NLdBk79.jpeg?fl=res,400,300,3|shr,,20|jpg,90"
Prodej bytu 3+1 67 m²,"https://d18-a.sdn.cz/d_18/c_img_QK_Jl/O9ABre9.jpeg?fl=res,400,300,3|shr,,20|jpg,90"
Prodej bytu 2+1 52 m²,"https://d18-a.sdn.cz/d_18/c_img_QL_J4/GnsfZO.jpeg?fl=res,400,300,3|shr,,20|jpg,90"
Prodej bytu 3+kk 82 m²,"https://d18-a.sdn.cz/d_18/c_img_QL_J4/ypMti8.jpeg?fl=res,400,300,3|shr,,20|jpg,90"
Prodej bytu 3+1 57 m²,"https://d18-a.sdn.cz/d_18/c_img_QL_J4/HGzBoWO.jpeg?fl=res,400,300,3|shr,,20|jpg,90"
Prodej bytu 3+1 76 m²,"https://d18-a.sdn.cz/d_18/c_img_QJ_Jm/ByHBfB9.jpeg?fl=res,400,300,3|shr,,20|jpg,90"
Prodej bytu 2+1 48 m²,"https://d18-a.sdn.cz/d_18/c_img_QM_Kb/VX47Bg.jpeg?fl=res,400,300,3|shr,,20|jpg,90"
Prodej bytu 1+kk 18 m²,"https://d18-a.sdn.cz/d_18/c_img_QR_MD/VGfDeT.jpeg?fl=res,400,300,3|shr,,20|jpg,90"
Prodej bytu 1+kk 30 m²,"https://d18-a.sdn.cz/d_18/c_img_QR_MB/acQSp2.png?fl=res,400,300,3|shr,,20|jpg,90"
Prodej bytu 3+1 85 m²,"https://d18-a.sdn.cz/d_18/c_img_QJ_Jl/pkxB1al.jpeg?fl=res,400,300,3|shr,,20|jpg,90"
Prodej bytu 3+kk 74 m²,"https://d18-a.sdn.cz/d_18/c_img_QN_J3/N54Oe7.jpeg?fl=res,400,300,3|shr,,20|jpg,90"
Prodej bytu 2+kk 37 m²,"https://d18-a.sdn.cz/d_18/c_img_QQ_Le/bVgPVt.jpeg?fl=res,400,300,3|shr,,20|jpg,90"
Prodej bytu 3+1 57 m²,"https://d18-a.sdn.cz/d_18/c_img_QL_J2/IY5BCZl.jpeg?fl=res,400,300,3|shr,,20|jpg,90"
Prodej bytu 3+kk 66 m²,"https://d18-a.sdn.cz/d_18/c_img_QQ_Le/ZGcm7i.jpeg?fl=res,400,300,3|shr,,20|jpg,90"
Prodej bytu 1+kk 21 m²,"https://d18-a.sdn.cz/d_18/c_img_QM_Kb/5rQB2ks.jpeg?fl=res,400,300,3|shr,,20|jpg,90"
Prodej bytu 2+1 44 m²,"https://d18-a.sdn.cz/d_18/c_img_QO_Ks/MqYButm.jpeg?fl=res,400,300,3|shr,,20|jpg,90"
Prodej bytu 2+kk 44 m²,"https://d18-a.sdn.cz/d_18/c_img_QL_J2/syyBihw.jpeg?fl=res,400,300,3|shr,,20|jpg,90"
Prodej bytu 2+kk 44 m²,"https://d18-a.sdn.cz/d_18/c_img_QN_Jy/ccMB6W7.jpeg?fl=res,400,300,3|shr,,20|jpg,90"
Prodej bytu 1+kk 24 m²,"https://d18-a.sdn.cz/d_18/c_img_QK_Jh/yhwBHm.png?fl=res,400,300,3|shr,,20|jpg,90"
Prodej bytu 1+kk 21 m²,"https://d18-a.sdn.cz/d_18/c_img_QQ_LZ/PmFqME.jpeg?fl=res,400,300,3|shr,,20|jpg,90"
Prodej bytu 3+kk 71 m²,"https://d18-a.sdn.cz/d_18/c_img_QL_J3/MrODbe.jpeg?fl=res,400,300,3|shr,,20|jpg,90"
Prodej bytu 3+kk 55 m²,"https://d18-a.sdn.cz/d_18/c_img_QM_Kb/t3JB9x9.jpeg?fl=res,400,300,3|shr,,20|jpg,90"
Prodej bytu 3+1 74 m²,"https://d18-a.sdn.cz/d_18/c_img_QL_J4/5ujJ1d.png?fl=res,400,300,3|shr,,20|jpg,90"
Prodej bytu 2+1 50 m²,"https://d18-a.sdn.cz/d_18/c_img_gR_o/C4c6a3.jpeg?fl=res,400,300,3|shr,,20|jpg,90"
Prodej bytu 2+kk 34 m²,"https://d18-a.sdn.cz/d_18/c_img_QO_K1/cSZG0y.jpeg?fl=res,400,300,3|shr,,20|jpg,90"
Prodej bytu 1+kk 30 m²,"https://d18-a.sdn.cz/d_18/c_img_QO_Kz/cmILxz.jpeg?fl=res,400,300,3|shr,,20|jpg,90"
Prodej bytu 2+1 58 m²,"https://d18-a.sdn.cz/d_18/c_img_QL_Jy/bKzBTqg.jpeg?fl=res,400,300,3|shr,,20|jpg,90"
Prodej bytu 3+1 89 m²,"https://d18-a.sdn.cz/d_18/c_img_QR_L4/Kshmdm.jpeg?fl=res,400,300,3|shr,,20|jpg,90"
Prodej bytu 1+kk 16 m²,"https://d18-a.sdn.cz/d_18/c_img_QN_Jv/mJAmWw.jpeg?fl=res,400,300,3|shr,,20|jpg,90"
Prodej bytu 3+kk 78 m²,"https://d18-a.sdn.cz/d_18/c_img_QO_K0/GvjGO4.png?fl=res,400,300,3|shr,,20|jpg,90"
Prodej bytu 1+kk 33 m²,"https://d18-a.sdn.cz/d_18/c_img_gR_m/hqKBjG0.jpeg?fl=res,400,300,3|shr,,20|jpg,90"
Prodej bytu 4+kk 75 m²,"https://d18-a.sdn.cz/d_18/c_img_QP_K5/Sf3tCt.jpeg?fl=res,400,300,3|shr,,20|jpg,90"
Prodej bytu 2+kk 49 m²,"https://d18-a.sdn.cz/d_18/c_img_QN_J2/qw4HO4.jpeg?fl=res,400,300,3|shr,,20|jpg,90"
Prodej bytu 2+kk 69 m²,"https://d18-a.sdn.cz/d_18/c_img_QL_J2/1WoLC8.jpeg?fl=res,400,300,3|shr,,20|jpg,90"
Prodej bytu 3+kk 92 m² (Mezonet),"https://d18-a.sdn.cz/d_18/c_img_QQ_Ld/MDyLAp.jpeg?fl=res,400,300,3|shr,,20|jpg,90"
Prodej bytu 3+kk 81 m²,"https://d18-a.sdn.cz/d_18/c_img_QK_Jl/xNqBuNH.jpeg?fl=res,400,300,3|shr,,20|jpg,90"
Prodej bytu 5+1 193 m²,"https://d18-a.sdn.cz/d_18/c_img_gU_o/uCRTgt.jpeg?fl=res,400,300,3|shr,,20|jpg,90"
Prodej bytu 1+kk 18 m²,"https://d18-a.sdn.cz/d_18/c_img_QM_Kb/0CTB5FG.jpeg?fl=res,400,300,3|shr,,20|jpg,90"
Prodej bytu 1+kk 42 m²,"https://d18-a.sdn.cz/d_18/c_img_QN_J5/caagR1.jpeg?fl=res,400,300,3|shr,,20|jpg,90"
Prodej bytu 2+1 49 m²,"https://d18-a.sdn.cz/d_18/c_img_QM_Kb/OQdJtf.jpeg?fl=res,400,300,3|shr,,20|jpg,90"
Prodej bytu 5+kk 119 m²,"https://d18-a.sdn.cz/d_18/c_img_QK_Jg/95XYq3.jpeg?fl=res,400,300,3|shr,,20|jpg,90"
Prodej bytu 1+kk 30 m²,"https://d18-a.sdn.cz/d_18/c_img_QP_K2/q7IBPGI.jpeg?fl=res,400,300,3|shr,,20|jpg,90"
Prodej bytu 2+1 59 m²,"https://d18-a.sdn.cz/d_18/c_img_QQ_Le/IEwBheu.jpeg?fl=res,400,300,3|shr,,20|jpg,90"
Prodej bytu 2+kk 48 m²,"https://d18-a.sdn.cz/d_18/c_img_QO_K0/qJZB5FR.jpeg?fl=res,400,300,3|shr,,20|jpg,90"
Prodej bytu 2+1 55 m²,"https://d18-a.sdn.cz/d_18/c_img_QN_J4/D4KNrB.jpeg?fl=res,400,300,3|shr,,20|jpg,90"
Prodej bytu 2+1 51 m²,"https://d18-a.sdn.cz/d_18/c_img_QM_Kc/S9MJfM.jpeg?fl=res,400,300,3|shr,,20|jpg,90"
Prodej bytu 3+kk 68 m²,"https://d18-a.sdn.cz/d_18/c_img_QI_Jg/AVunkB.jpeg?fl=res,400,300,3|shr,,20|jpg,90"
Prodej bytu 3+kk 74 m²,"https://d18-a.sdn.cz/d_18/c_img_QN_J4/BGMmbk.jpeg?fl=res,400,300,3|shr,,20|jpg,90"
Prodej bytu 1+1 36 m²,"https://d18-a.sdn.cz/d_18/c_img_QK_Jg/tW2lUP.jpeg?fl=res,400,300,3|shr,,20|jpg,90"
Prodej bytu 2+kk 59 m²,"https://d18-a.sdn.cz/d_18/c_img_QI_Jf/KlBBcjr.jpeg?fl=res,400,300,3|shr,,20|jpg,90"
Prodej bytu 2+kk 81 m²,"https://d18-a.sdn.cz/d_18/c_img_QI_Jg/UaxB5YB.jpeg?fl=res,400,300,3|shr,,20|jpg,90"
Prodej bytu 2+1 104 m²,"https://d18-a.sdn.cz/d_18/c_img_QM_Ka/He7yUt.jpeg?fl=res,400,300,3|shr,,20|jpg,90"
Prodej bytu 5+1 154 m²,"https://d18-a.sdn.cz/d_18/c_img_QL_J4/RAZ16e.jpeg?fl=res,400,300,3|shr,,20|jpg,90"
Prodej bytu 2+kk 46 m²,"https://d18-a.sdn.cz/d_18/c_img_QR_MC/G7HB5l.jpeg?fl=res,400,300,3|shr,,20|jpg,90"
Prodej bytu atypické 215 m² (Mezonet),"https://d18-a.sdn.cz/d_18/c_img_QP_K2/cndBcvG.jpeg?fl=res,400,300,3|shr,,20|jpg,90"
Prodej bytu 3+1 89 m²,"https://d18-a.sdn.cz/d_18/c_img_QM_KW/AjomC7.jpeg?fl=res,400,300,3|shr,,20|jpg,90"
Prodej bytu 2+kk 63 m²,"https://d18-a.sdn.cz/d_18/c_img_QR_MB/2irB4gk.jpeg?fl=res,400,300,3|shr,,20|jpg,90"
Prodej bytu 4+kk 72 m²,"https://d18-a.sdn.cz/d_18/c_img_QP_K5/zE3BEDG.jpeg?fl=res,400,300,3|shr,,20|jpg,90"
Prodej bytu 3+1 60 m²,"https://d18-a.sdn.cz/d_18/c_img_QI_Jg/OpYtYu.jpeg?fl=res,400,300,3|shr,,20|jpg,90"
Prodej bytu 5+1 179 m² (Mezonet),"https://d18-a.sdn.cz/d_18/c_img_QL_J2/koUj3Q.jpeg?fl=res,400,300,3|shr,,20|jpg,90"
Prodej bytu 1+1 36 m²,"https://d18-a.sdn.cz/d_18/c_img_QO_K1/8s2wHz.jpeg?fl=res,400,300,3|shr,,20|jpg,90"
Prodej bytu 3+kk 115 m² (Mezonet),"https://d18-a.sdn.cz/d_18/c_img_QJ_Jm/FLN7Lb.jpeg?fl=res,400,300,3|shr,,20|jpg,90"
Prodej bytu 3+kk 67 m²,"https://d18-a.sdn.cz/d_18/c_img_QI_Jf/F60BPZX.jpeg?fl=res,400,300,3|shr,,20|jpg,90"
Prodej bytu 3+kk 115 m² (Mezonet),"https://d18-a.sdn.cz/d_18/c_img_QL_J4/9iZmSu.jpeg?fl=res,400,300,3|shr,,20|jpg,90"
Prodej bytu 1+kk 26 m²,"https://d18-a.sdn.cz/d_18/c_img_QN_J5/veM7rk.jpeg?fl=res,400,300,3|shr,,20|jpg,90"
Prodej bytu atypické 161 m²,"https://d18-a.sdn.cz/d_18/c_img_gX_q/pV5B9l2.jpeg?fl=res,400,300,3|shr,,20|jpg,90"
Prodej bytu 1+1 27 m²,"https://d18-a.sdn.cz/d_18/c_img_QP_K0/PIBDei.jpeg?fl=res,400,300,3|shr,,20|jpg,90"
Prodej bytu 1+kk 28 m²,"https://d18-a.sdn.cz/d_18/c_img_QR_MB/ULKBRXe.jpeg?fl=res,400,300,3|shr,,20|jpg,90"
Prodej bytu 4+kk 71 m²,"https://d18-a.sdn.cz/d_18/c_img_QN_J5/usWBLax.jpeg?fl=res,400,300,3|shr,,20|jpg,90"
Prodej bytu 3+kk 67 m²,"https://d18-a.sdn.cz/d_18/c_img_QN_J5/zscBXBU.jpeg?fl=res,400,300,3|shr,,20|jpg,90"
Prodej bytu 1+1 40 m²,"https://d18-a.sdn.cz/d_18/c_img_QI_Jg/NLjBcW7.jpeg?fl=res,400,300,3|shr,,20|jpg,90"
Prodej bytu 4+kk 123 m²,"https://d18-a.sdn.cz/d_18/c_img_QR_MD/ke2KV9.jpeg?fl=res,400,300,3|shr,,20|jpg,90"
Prodej bytu 2+kk 49 m²,"https://d18-a.sdn.cz/d_18/c_img_QR_MD/qqCKSm.jpeg?fl=res,400,300,3|shr,,20|jpg,90"
Prodej bytu 2+1 45 m²,"https://d18-a.sdn.cz/d_18/c_img_QL_J4/VYIBrjK.jpeg?fl=res,400,300,3|shr,,20|jpg,90"
Prodej bytu 2+kk 51 m²,"https://d18-a.sdn.cz/d_18/c_img_QL_J3/Nw8hSB.jpeg?fl=res,400,300,3|shr,,20|jpg,90"
Prodej bytu 2+kk 51 m²,"https://d18-a.sdn.cz/d_18/c_img_gU_T/gmMClW.jpeg?fl=res,400,300,3|shr,,20|jpg,90"
Prodej bytu 4+kk 95 m²,"https://d18-a.sdn.cz/d_18/c_img_QL_JZ/YJ1Clj.jpeg?fl=res,400,300,3|shr,,20|jpg,90"
Prodej bytu 3+1 68 m²,"https://d18-a.sdn.cz/d_18/c_img_QR_MC/JotBziT.jpeg?fl=res,400,300,3|shr,,20|jpg,90"
Prodej bytu 3+1 55 m²,"https://d18-a.sdn.cz/d_18/c_img_QR_MB/5a9BpTJ.jpeg?fl=res,400,300,3|shr,,20|jpg,90"
Prodej bytu 3+kk 69 m²,"https://d18-a.sdn.cz/d_18/c_img_QN_J5/3NHBI6P.jpeg?fl=res,400,300,3|shr,,20|jpg,90"
Prodej bytu 3+kk 71 m²,"https://d18-a.sdn.cz/d_18/c_img_QI_Jh/frnLrK.jpeg?fl=res,400,300,3|shr,,20|jpg,90"
Prodej bytu 3+kk 85 m²,"https://d18-a.sdn.cz/d_18/c_img_QO_K0/575gu6.jpeg?fl=res,400,300,3|shr,,20|jpg,90"
Prodej bytu 3+1 103 m²,"https://d18-a.sdn.cz/d_18/c_img_QI_Jg/CmIsUz.jpeg?fl=res,400,300,3|shr,,20|jpg,90"
Prodej bytu 3+kk 62 m²,"https://d18-a.sdn.cz/d_18/c_img_QN_J3/dwyBSJT.jpeg?fl=res,400,300,3|shr,,20|jpg,90"
Prodej bytu 4+kk 112 m²,"https://d18-a.sdn.cz/d_18/c_img_QQ_Le/BiXwd8.jpeg?fl=res,400,300,3|shr,,20|jpg,90"
Prodej bytu 2+1 64 m²,"https://d18-a.sdn.cz/d_18/c_img_QL_J2/vilBdST.jpeg?fl=res,400,300,3|shr,,20|jpg,90"
Prodej bytu 2+1 73 m²,"https://d18-a.sdn.cz/d_18/c_img_QO_K0/hAuBKOY.jpeg?fl=res,400,300,3|shr,,20|jpg,90"
Prodej bytu 2+1 42 m²,"https://d18-a.sdn.cz/d_18/c_img_QI_Jh/sLyLQ9.jpeg?fl=res,400,300,3|shr,,20|jpg,90"
Prodej bytu 3+1 53 m²,"https://d18-a.sdn.cz/d_18/c_img_QR_MD/Yp4K7D.jpeg?fl=res,400,300,3|shr,,20|jpg,90"
Prodej bytu 1+kk 33 m²,"https://d18-a.sdn.cz/d_18/c_img_QM_Ka/A9U2oj.jpeg?fl=res,400,300,3|shr,,20|jpg,90"
Prodej bytu 3+kk 81 m²,"https://d18-a.sdn.cz/d_18/c_img_gY_k/K4tWhT.jpeg?fl=res,400,300,3|shr,,20|jpg,90"
Prodej bytu 1+1 42 m²,"https://d18-a.sdn.cz/d_18/c_img_QM_Kb/9elCCOh.jpeg?fl=res,400,300,3|shr,,20|jpg,90"
Prodej bytu 3+1 74 m²,"https://d18-a.sdn.cz/d_18/c_img_QJ_Jk/9krCFN.jpeg?fl=res,400,300,3|shr,,20|jpg,90"
Prodej bytu 1+1 44 m²,"https://d18-a.sdn.cz/d_18/c_img_QQ_Le/ns2KkK.jpeg?fl=res,400,300,3|shr,,20|jpg,90"
Prodej bytu 2+1 61 m²,"https://d18-a.sdn.cz/d_18/c_img_QL_J4/i2uBn2t.jpeg?fl=res,400,300,3|shr,,20|jpg,90"
Prodej bytu 2+1 61 m²,"https://d18-a.sdn.cz/d_18/c_img_QR_MB/USJB8Mb.jpeg?fl=res,400,300,3|shr,,20|jpg,90"
Prodej bytu 2+1 89 m²,"https://d18-a.sdn.cz/d_18/c_img_QR_MB/RfAptU.jpeg?fl=res,400,300,3|shr,,20|jpg,90"
Prodej bytu 1+1 39 m²,"https://d18-a.sdn.cz/d_18/c_img_QI_Jg/wHYBqKg.jpeg?fl=res,400,300,3|shr,,20|jpg,90"
Prodej bytu 3+kk 69 m²,"https://d18-a.sdn.cz/d_18/c_img_QI_Ja/6HK8CW.jpeg?fl=res,400,300,3|shr,,20|jpg,90"
Prodej bytu 1+1 35 m²,"https://d18-a.sdn.cz/d_18/c_img_QN_J5/Vd8BAB3.jpeg?fl=res,400,300,3|shr,,20|jpg,90"
Prodej bytu 2+1 63 m²,"https://d18-a.sdn.cz/d_18/c_img_QO_K1/9ZWwwS.jpeg?fl=res,400,300,3|shr,,20|jpg,90"
Prodej bytu 1+kk 47 m²,"https://d18-a.sdn.cz/d_18/c_img_QL_J4/FQQXQ9.jpeg?fl=res,400,300,3|shr,,20|jpg,90"
Prodej bytu 5+1 81 m²,"https://d18-a.sdn.cz/d_18/c_img_QM_Kb/qSCBinX.jpeg?fl=res,400,300,3|shr,,20|jpg,90"
Prodej bytu 3+kk 54 m²,"https://d18-a.sdn.cz/d_18/c_img_QK_Jn/Jgaeok.jpeg?fl=res,400,300,3|shr,,20|jpg,90"
Prodej bytu 1+1 27 m²,"https://d18-a.sdn.cz/d_18/c_img_QK_Jn/wkbauO.jpeg?fl=res,400,300,3|shr,,20|jpg,90"
Prodej bytu 2+kk 44 m²,"https://d18-a.sdn.cz/d_18/c_img_QL_J4/Q1SBSMd.jpeg?fl=res,400,300,3|shr,,20|jpg,90"
Prodej bytu 2+kk 48 m²,"https://d18-a.sdn.cz/d_18/c_img_QK_Jn/NJbRVU.jpeg?fl=res,400,300,3|shr,,20|jpg,90"
Prodej bytu 3+1 62 m²,"https://d18-a.sdn.cz/d_18/c_img_QL_J2/eUUyQf.jpeg?fl=res,400,300,3|shr,,20|jpg,90"
Prodej bytu 1+kk 58 m²,"https://d18-a.sdn.cz/d_18/c_img_QI_Jg/Gx5Bb7u.jpeg?fl=res,400,300,3|shr,,20|jpg,90"
Prodej bytu 1+kk 27 m²,"https://d18-a.sdn.cz/d_18/c_img_QQ_LX/HnrBKtl.jpeg?fl=res,400,300,3|shr,,20|jpg,90"
Prodej bytu 3+kk 68 m²,"https://d18-a.sdn.cz/d_18/c_img_QM_Kb/L12GYt.jpeg?fl=res,400,300,3|shr,,20|jpg,90"
Prodej bytu 2+kk 41 m²,"https://d18-a.sdn.cz/d_18/c_img_QK_Jk/TH8lrL.jpeg?fl=res,400,300,3|shr,,20|jpg,90"
Prodej bytu 2+kk 37 m²,"https://d18-a.sdn.cz/d_18/c_img_QJ_Jh/2GLBhec.jpeg?fl=res,400,300,3|shr,,20|jpg,90"
Prodej bytu 3+1 72 m²,"https://d18-a.sdn.cz/d_18/c_img_QL_J4/DkzfgQ.jpeg?fl=res,400,300,3|shr,,20|jpg,90"
Prodej bytu 2+1 49 m²,"https://d18-a.sdn.cz/d_18/c_img_QR_MB/opwBVIw.jpeg?fl=res,400,300,3|shr,,20|jpg,90"
Prodej bytu 3+1 72 m²,"https://d18-a.sdn.cz/d_18/c_img_QI_Jg/UOtByhU.jpeg?fl=res,400,300,3|shr,,20|jpg,90"
Prodej bytu 2+1 51 m²,"https://d18-a.sdn.cz/d_18/c_img_QN_J5/JXHBTOg.jpeg?fl=res,400,300,3|shr,,20|jpg,90"
Prodej bytu 3+1 63 m²,"https://d18-a.sdn.cz/d_18/c_img_QL_J4/YGs34b.jpeg?fl=res,400,300,3|shr,,20|jpg,90"
Prodej bytu 2+kk 48 m²,"https://d18-a.sdn.cz/d_18/c_img_QO_K1/ZiNB9L.jpeg?fl=res,400,300,3|shr,,20|jpg,90"
Prodej bytu 2+kk 42 m²,"https://d18-a.sdn.cz/d_18/c_img_gV_s/Ntenui.jpeg?fl=res,400,300,3|shr,,20|jpg,90"
Prodej bytu 2+1 62 m²,"https://d18-a.sdn.cz/d_18/c_img_QR_MD/MA8LPH.jpeg?fl=res,400,300,3|shr,,20|jpg,90"
Prodej bytu 4+kk 125 m²,"https://d18-a.sdn.cz/d_18/c_img_QM_Kb/DeiBTpa.jpeg?fl=res,400,300,3|shr,,20|jpg,90"
Prodej bytu 2+1 64 m²,"https://d18-a.sdn.cz/d_18/c_img_QM_Kb/ETaBxYL.jpeg?fl=res,400,300,3|shr,,20|jpg,90"
Prodej bytu 2+1 41 m²,"https://d18-a.sdn.cz/d_18/c_img_QM_Kc/a5RL5F.jpeg?fl=res,400,300,3|shr,,20|jpg,90"
Prodej bytu 2+kk 44 m²,"https://d18-a.sdn.cz/d_18/c_img_QN_J5/Hz5BW7Y.jpeg?fl=res,400,300,3|shr,,20|jpg,90"
Prodej bytu 3+kk 139 m² (Mezonet),"https://d18-a.sdn.cz/d_18/c_img_QI_Jg/JMq4s6.jpeg?fl=res,400,300,3|shr,,20|jpg,90"
Prodej bytu 4+kk 87 m²,"https://d18-a.sdn.cz/d_18/c_img_QO_K0/xDlBhFO.jpeg?fl=res,400,300,3|shr,,20|jpg,90"
Prodej bytu 3+kk 103 m²,"https://d18-a.sdn.cz/d_18/c_img_QN_J5/KAB8o8.jpeg?fl=res,400,300,3|shr,,20|jpg,90"
Prodej bytu 3+1 68 m²,"https://d18-a.sdn.cz/d_18/c_img_QI_Jh/PoMMA9.jpeg?fl=res,400,300,3|shr,,20|jpg,90"
Prodej bytu 3+1 119 m²,"https://d18-a.sdn.cz/d_18/c_img_QP_K4/yD3jgd.jpeg?fl=res,400,300,3|shr,,20|jpg,90"
Prodej bytu 3+kk 87 m²,"https://d18-a.sdn.cz/d_18/c_img_QM_Kb/0dlBqIk.jpeg?fl=res,400,300,3|shr,,20|jpg,90"
Prodej bytu 3+1 89 m²,"https://d18-a.sdn.cz/d_18/c_img_QI_Jb/AtESfj.jpeg?fl=res,400,300,3|shr,,20|jpg,90"
Prodej bytu 2+kk 44 m²,"https://d18-a.sdn.cz/d_18/c_img_QR_L8/MCYObX.jpeg?fl=res,400,300,3|shr,,20|jpg,90"
Prodej bytu 5+kk 427 m²,"https://d18-a.sdn.cz/d_18/c_img_QO_K0/nVmBomi.jpeg?fl=res,400,300,3|shr,,20|jpg,90"
Prodej bytu 2+1 53 m²,"https://d18-a.sdn.cz/d_18/c_img_QJ_Jn/hPaLNY.mpo?fl=res,400,300,3|shr,,20|jpg,90"
Prodej bytu 3+kk 88 m²,"https://d18-a.sdn.cz/d_18/c_img_QP_K5/6M2C16.jpeg?fl=res,400,300,3|shr,,20|jpg,90"
Prodej bytu 3+kk 70 m²,"https://d18-a.sdn.cz/d_18/c_img_QP_K4/GZxKAy.jpeg?fl=res,400,300,3|shr,,20|jpg,90"
Prodej bytu 3+kk 73 m²,"https://d18-a.sdn.cz/d_18/c_img_QR_MC/G5fcrV.jpeg?fl=res,400,300,3|shr,,20|jpg,90"
Prodej bytu 3+kk 87 m²,"https://d18-a.sdn.cz/d_18/c_img_QN_J4/talXys.jpeg?fl=res,400,300,3|shr,,20|jpg,90"
Prodej bytu 3+kk 89 m²,"https://d18-a.sdn.cz/d_18/c_img_QK_Jn/vvbRMU.jpeg?fl=res,400,300,3|shr,,20|jpg,90"
Prodej bytu 3+kk 93 m²,"https://d18-a.sdn.cz/d_18/c_img_QO_K1/dYmTVh.jpeg?fl=res,400,300,3|shr,,20|jpg,90"
Prodej bytu 3+1 93 m²,"https://d18-a.sdn.cz/d_18/c_img_QI_Jg/Je9Bby4.jpeg?fl=res,400,300,3|shr,,20|jpg,90"
Prodej bytu 1+1 59 m²,"https://d18-a.sdn.cz/d_18/c_img_QK_Jn/ZCtVLM.jpeg?fl=res,400,300,3|shr,,20|jpg,90"
Prodej bytu 2+kk 58 m²,"https://d18-a.sdn.cz/d_18/c_img_QM_Kb/4mVCDZJ.jpeg?fl=res,400,300,3|shr,,20|jpg,90"
Prodej bytu 2+1 52 m²,"https://d18-a.sdn.cz/d_18/c_img_QI_Jg/khHB5Ob.jpeg?fl=res,400,300,3|shr,,20|jpg,90"
Prodej bytu 1+kk 27 m²,"https://d18-a.sdn.cz/d_18/c_img_QL_J4/6uZBCIJ.jpeg?fl=res,400,300,3|shr,,20|jpg,90"
Prodej bytu 2+1 57 m²,"https://d18-a.sdn.cz/d_18/c_img_QN_J5/Rf2BJov.jpeg?fl=res,400,300,3|shr,,20|jpg,90"
Prodej bytu 2+kk 75 m²,"https://d18-a.sdn.cz/d_18/c_img_QR_MD/V1rLR0.jpeg?fl=res,400,300,3|shr,,20|jpg,90"
Prodej bytu 2+1 62 m²,"https://d18-a.sdn.cz/d_18/c_img_QP_K3/2imGS8.jpeg?fl=res,400,300,3|shr,,20|jpg,90"
Prodej bytu 5+kk 328 m²,"https://d18-a.sdn.cz/d_18/c_img_QK_Jn/4B9kN4.jpeg?fl=res,400,300,3|shr,,20|jpg,90"
Prodej bytu 3+kk 81 m²,"https://d18-a.sdn.cz/d_18/c_img_QJ_Jl/b0zB5NI.jpeg?fl=res,400,300,3|shr,,20|jpg,90"
Prodej bytu 3+1 73 m²,"https://d18-a.sdn.cz/d_18/c_img_QO_K0/5ZGNct.jpeg?fl=res,400,300,3|shr,,20|jpg,90"
Prodej bytu 3+1 62 m²,"https://d18-a.sdn.cz/d_18/c_img_QJ_Jn/HMdLPZ.jpeg?fl=res,400,300,3|shr,,20|jpg,90"
Prodej bytu 2+1 70 m²,"https://d18-a.sdn.cz/d_18/c_img_QR_MB/kLhBOIs.jpeg?fl=res,400,300,3|shr,,20|jpg,90"
Prodej bytu 3+1 79 m²,"https://d18-a.sdn.cz/d_18/c_img_QN_J4/9UmZo4.jpeg?fl=res,400,300,3|shr,,20|jpg,90"
Prodej bytu 5+kk 183 m² (Mezonet),"https://d18-a.sdn.cz/d_18/c_img_QK_Jk/lT8aIr.jpeg?fl=res,400,300,3|shr,,20|jpg,90"
Prodej bytu 2+kk 46 m²,"https://d18-a.sdn.cz/d_18/c_img_QM_Kb/nyGB8FS.jpeg?fl=res,400,300,3|shr,,20|jpg,90"
Prodej bytu 3+1 63 m²,"https://d18-a.sdn.cz/d_18/c_img_QJ_Jn/iWmKi9.jpeg?fl=res,400,300,3|shr,,20|jpg,90"
Prodej bytu 2+kk 59 m²,"https://d18-a.sdn.cz/d_18/c_img_QM_Kb/IvIBEp0.jpeg?fl=res,400,300,3|shr,,20|jpg,90"
Prodej bytu 3+1 69 m²,"https://d18-a.sdn.cz/d_18/c_img_QI_Jg/a9oB10P.jpeg?fl=res,400,300,3|shr,,20|jpg,90"
Prodej bytu 4+1 88 m²,"https://d18-a.sdn.cz/d_18/c_img_QN_J5/amwhUd.jpeg?fl=res,400,300,3|shr,,20|jpg,90"
Prodej bytu 3+kk 89 m²,"https://d18-a.sdn.cz/d_18/c_img_QL_J4/Se2Bq4k.jpeg?fl=res,400,300,3|shr,,20|jpg,90"
Prodej bytu 1+kk 23 m²,"https://d18-a.sdn.cz/d_18/c_img_QQ_Ld/kRLKvi.jpeg?fl=res,400,300,3|shr,,20|jpg,90"
Prodej bytu 2+kk 46 m²,"https://d18-a.sdn.cz/d_18/c_img_QM_KW/PWYnlR.jpeg?fl=res,400,300,3|shr,,20|jpg,90"
Prodej bytu 3+kk 56 m²,"https://d18-a.sdn.cz/d_18/c_img_QM_Kb/EecBcX9.jpeg?fl=res,400,300,3|shr,,20|jpg,90"
Prodej bytu 1+kk 27 m²,"https://d18-a.sdn.cz/d_18/c_img_QL_J4/N6sBBG2.jpeg?fl=res,400,300,3|shr,,20|jpg,90"
Prodej bytu 2+1 42 m²,"https://d18-a.sdn.cz/d_18/c_img_QL_J1/U4mIV7.jpeg?fl=res,400,300,3|shr,,20|jpg,90"
Prodej bytu 2+1 58 m²,"https://d18-a.sdn.cz/d_18/c_img_QM_Kb/hhNBdoz.jpeg?fl=res,400,300,3|shr,,20|jpg,90"
Prodej bytu 3+1 68 m²,"https://d18-a.sdn.cz/d_18/c_img_QN_J4/Z4vx5a.jpeg?fl=res,400,300,3|shr,,20|jpg,90"
Prodej bytu 3+1 58 m²,"https://d18-a.sdn.cz/d_18/c_img_QP_K2/ozYBCKh.jpeg?fl=res,400,300,3|shr,,20|jpg,90"
Prodej bytu 3+kk 151 m²,"https://d18-a.sdn.cz/d_18/c_img_QQ_Lg/Do4U8U.jpeg?fl=res,400,300,3|shr,,20|jpg,90"
Prodej bytu 2+1 70 m²,"https://d18-a.sdn.cz/d_18/c_img_QK_Jn/Kzs5mh.jpeg?fl=res,400,300,3|shr,,20|jpg,90"
Prodej bytu 2+kk 59 m²,"https://d18-a.sdn.cz/d_18/c_img_QL_J3/ozqbvT.jpeg?fl=res,400,300,3|shr,,20|jpg,90"
Prodej bytu 3+kk 77 m²,"https://d18-a.sdn.cz/d_18/c_img_QQ_Le/uGUYHJ.jpeg?fl=res,400,300,3|shr,,20|jpg,90"
Prodej bytu 3+kk 63 m²,"https://d18-a.sdn.cz/d_18/c_img_QQ_Lf/50vHRj.jpeg?fl=res,400,300,3|shr,,20|jpg,90"
Prodej bytu 3+1 69 m²,"https://d18-a.sdn.cz/d_18/c_img_QJ_Jf/kw7KXz.jpeg?fl=res,400,300,3|shr,,20|jpg,90"
Prodej bytu 2+1 50 m²,"https://d18-a.sdn.cz/d_18/c_img_QO_K0/wBeBQh7.jpeg?fl=res,400,300,3|shr,,20|jpg,90"
Prodej bytu 2+kk 54 m²,"https://d18-a.sdn.cz/d_18/c_img_QL_J4/Z3yBdL0.jpeg?fl=res,400,300,3|shr,,20|jpg,90"
Prodej bytu 4+1 87 m²,"https://d18-a.sdn.cz/d_18/c_img_QJ_Jn/4Z7Lf8.jpeg?fl=res,400,300,3|shr,,20|jpg,90"
Prodej bytu 2+1 50 m²,"https://d18-a.sdn.cz/d_18/c_img_gQ_n/O5CN8x.jpeg?fl=res,400,300,3|shr,,20|jpg,90"
Prodej bytu 3+kk 71 m²,"https://d18-a.sdn.cz/d_18/c_img_QR_L6/PONlnt.jpeg?fl=res,400,300,3|shr,,20|jpg,90"
Prodej bytu 3+1 54 m²,"https://d18-a.sdn.cz/d_18/c_img_QR_MC/b3xbMG.jpeg?fl=res,400,300,3|shr,,20|jpg,90"
Prodej bytu 2+1 49 m²,"https://d18-a.sdn.cz/d_18/c_img_QI_Jg/p2dB8eJ.jpeg?fl=res,400,300,3|shr,,20|jpg,90"
Prodej bytu 2+1 65 m²,"https://d18-a.sdn.cz/d_18/c_img_QK_Jl/xSl0FL.jpeg?fl=res,400,300,3|shr,,20|jpg,90"
Prodej bytu 2+1 48 m²,"https://d18-a.sdn.cz/d_18/c_img_QP_K5/9k292E.jpeg?fl=res,400,300,3|shr,,20|jpg,90"
Prodej bytu 1+kk 33 m²,"https://d18-a.sdn.cz/d_18/c_img_QO_K0/NuKBJCG.jpeg?fl=res,400,300,3|shr,,20|jpg,90"
Prodej bytu 3+1 69 m²,"https://d18-a.sdn.cz/d_18/c_img_QQ_LY/Y3qBL5.jpeg?fl=res,400,300,3|shr,,20|jpg,90"
Prodej bytu 2+1 70 m²,"https://d18-a.sdn.cz/d_18/c_img_QL_J4/xcDBrfZ.jpeg?fl=res,400,300,3|shr,,20|jpg,90"
Prodej bytu 2+kk 84 m²,"https://d18-a.sdn.cz/d_18/c_img_QQ_Ld/WbdBAaR.jpeg?fl=res,400,300,3|shr,,20|jpg,90"
Prodej bytu 3+1 63 m²,"https://d18-a.sdn.cz/d_18/c_img_QJ_Jn/xdJxt.jpeg?fl=res,400,300,3|shr,,20|jpg,90"
Prodej bytu 3+kk 68 m²,"https://d18-a.sdn.cz/d_18/c_img_QO_K1/JUmw8r.jpeg?fl=res,400,300,3|shr,,20|jpg,90"
Prodej bytu 3+1 60 m²,"https://d18-a.sdn.cz/d_18/c_img_QL_J4/bnJsxi.jpeg?fl=res,400,300,3|shr,,20|jpg,90"
Prodej bytu 3+kk 50 m²,"https://d18-a.sdn.cz/d_18/c_img_QL_J2/bCpSD7.jpeg?fl=res,400,300,3|shr,,20|jpg,90"
Prodej bytu 4+1 76 m²,"https://d18-a.sdn.cz/d_18/c_img_QL_J3/BZvF1i.jpeg?fl=res,400,300,3|shr,,20|jpg,90"
Prodej bytu 3+1 74 m²,"https://d18-a.sdn.cz/d_18/c_img_QI_Jf/11EB69D.jpeg?fl=res,400,300,3|shr,,20|jpg,90"
Prodej bytu 2+kk 45 m²,"https://d18-a.sdn.cz/d_18/c_img_QN_J5/lNJ5BB.jpeg?fl=res,400,300,3|shr,,20|jpg,90"
Prodej bytu 2+kk 49 m²,"https://d18-a.sdn.cz/d_18/c_img_QI_Jg/W07BxqF.jpeg?fl=res,400,300,3|shr,,20|jpg,90"
Prodej bytu 1+kk 30 m²,"https://d18-a.sdn.cz/d_18/c_img_QN_J5/ZAFBWDp.jpeg?fl=res,400,300,3|shr,,20|jpg,90"
Prodej bytu 3+1 69 m²,"https://d18-a.sdn.cz/d_18/c_img_QM_Kb/rOBB1et.jpeg?fl=res,400,300,3|shr,,20|jpg,90"
Prodej bytu 3+kk 70 m²,"https://d18-a.sdn.cz/d_18/c_img_QN_J5/3LhBW1W.jpeg?fl=res,400,300,3|shr,,20|jpg,90"
Prodej bytu 1+kk 27 m²,"https://d18-a.sdn.cz/d_18/c_img_QO_K1/lnAw7T.jpeg?fl=res,400,300,3|shr,,20|jpg,90"
Prodej bytu 2+1 63 m²,"https://d18-a.sdn.cz/d_18/c_img_QN_J3/JOHdhL.jpeg?fl=res,400,300,3|shr,,20|jpg,90"
Prodej bytu 3+1 65 m²,"https://d18-a.sdn.cz/d_18/c_img_QI_Jg/276CIE.jpeg?fl=res,400,300,3|shr,,20|jpg,90"
Prodej bytu 2+kk 313 m²,"https://d18-a.sdn.cz/d_18/c_img_QN_Jw/odzaOQ.jpeg?fl=res,400,300,3|shr,,20|jpg,90"
Prodej bytu 2+kk 49 m²,"https://d18-a.sdn.cz/d_18/c_img_QN_Jz/8fygNA.jpeg?fl=res,400,300,3|shr,,20|jpg,90"
Prodej bytu 2+kk 46 m²,"https://d18-a.sdn.cz/d_18/c_img_QO_K0/sW4Bf5a.jpeg?fl=res,400,300,3|shr,,20|jpg,90"
Prodej bytu 2+kk 52 m²,"https://d18-a.sdn.cz/d_18/c_img_QN_J5/SeKsUZ.jpeg?fl=res,400,300,3|shr,,20|jpg,90"
Prodej bytu 1+kk 33 m²,"https://d18-a.sdn.cz/d_18/c_img_QL_J2/y1XBvRC.jpeg?fl=res,400,300,3|shr,,20|jpg,90"
Prodej bytu 1+kk 29 m²,"https://d18-a.sdn.cz/d_18/c_img_QI_Jg/xfP4sl.jpeg?fl=res,400,300,3|shr,,20|jpg,90"
Prodej bytu 3+1 55 m²,"https://d18-a.sdn.cz/d_18/c_img_QN_J5/fMSBQzy.jpeg?fl=res,400,300,3|shr,,20|jpg,90"
Prodej bytu 3+kk 80 m²,"https://d18-a.sdn.cz/d_18/c_img_QK_Jn/cx5mW8.jpeg?fl=res,400,300,3|shr,,20|jpg,90"
Prodej bytu 2+kk 52 m²,"https://d18-a.sdn.cz/d_18/c_img_QN_J5/SH1aJD.jpeg?fl=res,400,300,3|shr,,20|jpg,90"
Prodej bytu 3+1 60 m²,"https://d18-a.sdn.cz/d_18/c_img_QJ_Jm/RKzBWoI.jpeg?fl=res,400,300,3|shr,,20|jpg,90"
Prodej bytu 2+1 48 m²,"https://d18-a.sdn.cz/d_18/c_img_QP_K5/6pPBRqS.jpeg?fl=res,400,300,3|shr,,20|jpg,90"
Prodej bytu 2+kk 76 m²,"https://d18-a.sdn.cz/d_18/c_img_QP_K5/jEmBSGq.jpeg?fl=res,400,300,3|shr,,20|jpg,90"
Prodej bytu 3+1 68 m²,"https://d18-a.sdn.cz/d_18/c_img_QM_Kb/NVsBmpU.jpeg?fl=res,400,300,3|shr,,20|jpg,90"
Prodej bytu 3+1 80 m²,"https://d18-a.sdn.cz/d_18/c_img_QL_J4/NNwBm5J.jpeg?fl=res,400,300,3|shr,,20|jpg,90"
Prodej bytu 4+kk 148 m²,"https://d18-a.sdn.cz/d_18/c_img_QP_K5/LUEBNOz.jpeg?fl=res,400,300,3|shr,,20|jpg,90"
Prodej bytu 5+kk 134 m²,"https://d18-a.sdn.cz/d_18/c_img_QR_MC/uFQOXh.jpeg?fl=res,400,300,3|shr,,20|jpg,90"
Prodej bytu 2+kk 79 m²,"https://d18-a.sdn.cz/d_18/c_img_QR_MC/BcF3T0.png?fl=res,400,300,3|shr,,20|jpg,90"
Prodej bytu 2+1 50 m²,"https://d18-a.sdn.cz/d_18/c_img_QO_K1/cktw3R.jpeg?fl=res,400,300,3|shr,,20|jpg,90"
Prodej bytu 3+1 68 m²,"https://d18-a.sdn.cz/d_18/c_img_QP_K5/QxzUFO.jpeg?fl=res,400,300,3|shr,,20|jpg,90"
Prodej bytu 3+kk 87 m²,"https://d18-a.sdn.cz/d_18/c_img_QI_Jh/bc2LcK.jpeg?fl=res,400,300,3|shr,,20|jpg,90"
Prodej bytu 4+1 97 m²,"https://d18-a.sdn.cz/d_18/c_img_QQ_LX/bpSBA8f.jpeg?fl=res,400,300,3|shr,,20|jpg,90"
Prodej bytu 3+kk 80 m²,"https://d18-a.sdn.cz/d_18/c_img_QN_Jy/dLiBszE.jpeg?fl=res,400,300,3|shr,,20|jpg,90"
Prodej bytu 2+1 58 m²,"https://d18-a.sdn.cz/d_18/c_img_QP_K5/ZCkBH34.jpeg?fl=res,400,300,3|shr,,20|jpg,90"
Prodej bytu 1+1 31 m²,"https://d18-a.sdn.cz/d_18/c_img_gU_p/ZxZxJI.jpeg?fl=res,400,300,3|shr,,20|jpg,90"
Prodej bytu 2+1 58 m²,"https://d18-a.sdn.cz/d_18/c_img_QR_MB/zvW4GG.jpeg?fl=res,400,300,3|shr,,20|jpg,90"
Prodej bytu 3+1 74 m²,"https://d18-a.sdn.cz/d_18/c_img_QQ_Le/GbyolB.jpeg?fl=res,400,300,3|shr,,20|jpg,90"
Prodej bytu 3+kk 59 m²,"https://d18-a.sdn.cz/d_18/c_img_QI_Jf/5jwBluK.jpeg?fl=res,400,300,3|shr,,20|jpg,90"
Prodej bytu 2+kk 56 m²,"https://d18-a.sdn.cz/d_18/c_img_QL_J2/1dLBQIg.jpeg?fl=res,400,300,3|shr,,20|jpg,90"
Prodej bytu 2+kk 55 m²,"https://d18-a.sdn.cz/d_18/c_img_QL_J2/xOqB9nq.jpeg?fl=res,400,300,3|shr,,20|jpg,90"
Prodej bytu 2+1 57 m²,"https://d18-a.sdn.cz/d_18/c_img_QK_Jn/gveBG58.jpeg?fl=res,400,300,3|shr,,20|jpg,90"
Prodej bytu 5+kk 164 m²,"https://d18-a.sdn.cz/d_18/c_img_QQ_Lg/iDlU6s.jpeg?fl=res,400,300,3|shr,,20|jpg,90"
Prodej bytu 3+1 71 m²,"https://d18-a.sdn.cz/d_18/c_img_QI_Jh/sa3LZu.jpeg?fl=res,400,300,3|shr,,20|jpg,90"
Prodej bytu 2+kk 40 m²,"https://d18-a.sdn.cz/d_18/c_img_QR_MC/g0QBiLR.jpeg?fl=res,400,300,3|shr,,20|jpg,90"
Prodej bytu 3+1 69 m²,"https://d18-a.sdn.cz/d_18/c_img_QM_Kc/H4CLIi.jpeg?fl=res,400,300,3|shr,,20|jpg,90"
Prodej bytu 3+1 68 m²,"https://d18-a.sdn.cz/d_18/c_img_QQ_LX/mbMIb6.jpeg?fl=res,400,300,3|shr,,20|jpg,90"
Prodej bytu 3+1 63 m²,"https://d18-a.sdn.cz/d_18/c_img_gR_q/Anyod8.jpeg?fl=res,400,300,3|shr,,20|jpg,90"
Prodej bytu 2+kk 61 m²,"https://d18-a.sdn.cz/d_18/c_img_QQ_Ld/DyzBMMz.jpeg?fl=res,400,300,3|shr,,20|jpg,90"
Prodej bytu 3+1 67 m²,"https://d18-a.sdn.cz/d_18/c_img_QJ_Jn/ut5DbJ.jpeg?fl=res,400,300,3|shr,,20|jpg,90"
Prodej bytu 3+kk 79 m²,"https://d18-a.sdn.cz/d_18/c_img_QQ_Lg/9XgFyo.jpeg?fl=res,400,300,3|shr,,20|jpg,90"
Prodej bytu 2+kk 60 m²,"https://d18-a.sdn.cz/d_18/c_img_QL_J2/AlIBQtD.jpeg?fl=res,400,300,3|shr,,20|jpg,90"
Prodej bytu 3+kk 71 m²,"https://d18-a.sdn.cz/d_18/c_img_QM_Kb/0QSNxG.jpeg?fl=res,400,300,3|shr,,20|jpg,90"
Prodej bytu 1+kk 32 m²,"https://d18-a.sdn.cz/d_18/c_img_QQ_Le/WJUBbfU.jpeg?fl=res,400,300,3|shr,,20|jpg,90"
Prodej bytu 3+kk 71 m²,"https://d18-a.sdn.cz/d_18/c_img_QL_J3/QoWNkX.jpeg?fl=res,400,300,3|shr,,20|jpg,90"
Prodej bytu 2+kk 62 m²,"https://d18-a.sdn.cz/d_18/c_img_QO_K1/Awewk8.jpeg?fl=res,400,300,3|shr,,20|jpg,90"
Prodej bytu 1+1 34 m²,"https://d18-a.sdn.cz/d_18/c_img_QI_Jg/HafCC3y.jpeg?fl=res,400,300,3|shr,,20|jpg,90"
Prodej bytu 2+kk 44 m²,"https://d18-a.sdn.cz/d_18/c_img_QL_J4/f9d8AC.jpeg?fl=res,400,300,3|shr,,20|jpg,90"
Prodej bytu 3+kk 74 m²,"https://d18-a.sdn.cz/d_18/c_img_QP_K5/3aPBXyU.jpeg?fl=res,400,300,3|shr,,20|jpg,90"
Prodej bytu 2+kk 40 m²,"https://d18-a.sdn.cz/d_18/c_img_QR_MC/UNRDVZ.jpeg?fl=res,400,300,3|shr,,20|jpg,90"
Prodej bytu 2+1 60 m²,"https://d18-a.sdn.cz/d_18/c_img_QR_MB/Q9SBVgB.jpeg?fl=res,400,300,3|shr,,20|jpg,90"
Prodej bytu 2+1 53 m²,"https://d18-a.sdn.cz/d_18/c_img_QN_J5/ClvltM.jpeg?fl=res,400,300,3|shr,,20|jpg,90"
Prodej bytu 2+kk 42 m²,"https://d18-a.sdn.cz/d_18/c_img_gZ_n/sAZjzW.jpeg?fl=res,400,300,3|shr,,20|jpg,90"
Prodej bytu 1+kk 18 m²,"https://d18-a.sdn.cz/d_18/c_img_QO_K0/5HIBAPc.jpeg?fl=res,400,300,3|shr,,20|jpg,90"
Prodej bytu 2+kk 43 m²,"https://d18-a.sdn.cz/d_18/c_img_QJ_Jm/BzXBfPP.jpeg?fl=res,400,300,3|shr,,20|jpg,90"
Prodej bytu 1+kk 30 m²,"https://d18-a.sdn.cz/d_18/c_img_QK_Jn/iYNUv9.jpeg?fl=res,400,300,3|shr,,20|jpg,90"
Prodej bytu 1+kk 30 m²,"https://d18-a.sdn.cz/d_18/c_img_QR_MC/sttBfMC.jpeg?fl=res,400,300,3|shr,,20|jpg,90"
Prodej bytu 4+1 73 m²,"https://d18-a.sdn.cz/d_18/c_img_QK_Jb/DrCByi6.jpeg?fl=res,400,300,3|shr,,20|jpg,90"
Prodej bytu 2+kk 49 m²,"https://d18-a.sdn.cz/d_18/c_img_QN_J5/JlykpP.jpeg?fl=res,400,300,3|shr,,20|jpg,90"
Prodej bytu 1+kk 30 m²,"https://d18-a.sdn.cz/d_18/c_img_QR_MC/KvjBfM9.jpeg?fl=res,400,300,3|shr,,20|jpg,90"
Prodej bytu 3+1 60 m²,"https://d18-a.sdn.cz/d_18/c_img_QO_K1/5WIwz9.jpeg?fl=res,400,300,3|shr,,20|jpg,90"
Prodej bytu 4+kk 345 m²,"https://d18-a.sdn.cz/d_18/c_img_QR_L5/MbcjGI.jpeg?fl=res,400,300,3|shr,,20|jpg,90"
Prodej bytu 4+kk 215 m² (Mezonet),"https://d18-a.sdn.cz/d_18/c_img_QL_J4/nleBrNB.jpeg?fl=res,400,300,3|shr,,20|jpg,90"
Prodej bytu 2+1 57 m²,"https://d18-a.sdn.cz/d_18/c_img_QJ_Jm/2BZ1DG.jpeg?fl=res,400,300,3|shr,,20|jpg,90"
Prodej bytu 4+1 88 m²,"https://d18-a.sdn.cz/d_18/c_img_QJ_Jn/RSHK5N.jpeg?fl=res,400,300,3|shr,,20|jpg,90"
Prodej bytu 2+kk 49 m²,"https://d18-a.sdn.cz/d_18/c_img_QQ_LZ/g1hquY.jpeg?fl=res,400,300,3|shr,,20|jpg,90"
Prodej bytu 3+kk 61 m²,"https://d18-a.sdn.cz/d_18/c_img_QN_J5/vPGEgY.jpeg?fl=res,400,300,3|shr,,20|jpg,90"
Prodej bytu 2+1 52 m²,"https://d18-a.sdn.cz/d_18/c_img_QJ_Jn/NA5K5H.jpeg?fl=res,400,300,3|shr,,20|jpg,90"
Prodej bytu 4+kk 133 m²,"https://d18-a.sdn.cz/d_18/c_img_QR_L6/mMxBIgw.jpeg?fl=res,400,300,3|shr,,20|jpg,90"
Prodej bytu 3+1 70 m²,"https://d18-a.sdn.cz/d_18/c_img_QP_K2/JLtB3GH.jpeg?fl=res,400,300,3|shr,,20|jpg,90"
Prodej bytu 3+1 71 m²,"https://d18-a.sdn.cz/d_18/c_img_QQ_Le/td3Bf4I.jpeg?fl=res,400,300,3|shr,,20|jpg,90"
Prodej bytu 3+1 71 m²,"https://d18-a.sdn.cz/d_18/c_img_QQ_Lg/Rt0eqv.jpeg?fl=res,400,300,3|shr,,20|jpg,90"
Prodej bytu 3+1 57 m²,"https://d18-a.sdn.cz/d_18/c_img_QI_Jg/AE3BRCS.jpeg?fl=res,400,300,3|shr,,20|jpg,90"
Prodej bytu 2+kk 43 m²,"https://d18-a.sdn.cz/d_18/c_img_QR_MD/qVbHO9.jpeg?fl=res,400,300,3|shr,,20|jpg,90"
Prodej bytu 3+1 63 m²,"https://d18-a.sdn.cz/d_18/c_img_QK_Jn/8IQBGwG.jpeg?fl=res,400,300,3|shr,,20|jpg,90"
Prodej bytu 1+kk 65 m²,"https://d18-a.sdn.cz/d_18/c_img_QR_MC/KgI4aL.jpeg?fl=res,400,300,3|shr,,20|jpg,90"
Prodej bytu 3+kk 109 m²,"https://d18-a.sdn.cz/d_18/c_img_QO_K1/ZqxX7E.jpeg?fl=res,400,300,3|shr,,20|jpg,90"
Prodej bytu 2+1 51 m²,"https://d18-a.sdn.cz/d_18/c_img_QM_Kc/PeLK98.jpeg?fl=res,400,300,3|shr,,20|jpg,90"
Prodej bytu 3+kk 66 m²,"https://d18-a.sdn.cz/d_18/c_img_QP_Ko/OTdrNm.jpeg?fl=res,400,300,3|shr,,20|jpg,90"
Prodej bytu 4+kk 74 m²,"https://d18-a.sdn.cz/d_18/c_img_QM_Kb/U1aBh5a.jpeg?fl=res,400,300,3|shr,,20|jpg,90"
Prodej bytu 2+kk 40 m²,"https://d18-a.sdn.cz/d_18/c_img_QP_K5/Fdmp5l.jpeg?fl=res,400,300,3|shr,,20|jpg,90"
Prodej bytu 3+kk 66 m²,"https://d18-a.sdn.cz/d_18/c_img_QI_JX/BpWrOT.jpeg?fl=res,400,300,3|shr,,20|jpg,90"
Prodej bytu 1+kk 27 m²,"https://d18-a.sdn.cz/d_18/c_img_QO_K1/UdpDsw.jpeg?fl=res,400,300,3|shr,,20|jpg,90"
Prodej bytu 2+kk 46 m²,"https://d18-a.sdn.cz/d_18/c_img_QP_Ko/ejwrLd.jpeg?fl=res,400,300,3|shr,,20|jpg,90"
Prodej bytu 1+kk 27 m²,"https://d18-a.sdn.cz/d_18/c_img_QO_Kf/g9Gq76.jpeg?fl=res,400,300,3|shr,,20|jpg,90"
Prodej bytu 2+1 69 m²,"https://d18-a.sdn.cz/d_18/c_img_QK_Jl/igpBp9c.jpeg?fl=res,400,300,3|shr,,20|jpg,90"
Prodej bytu 3+kk 77 m²,"https://d18-a.sdn.cz/d_18/c_img_QL_J4/kcYBrIr.jpeg?fl=res,400,300,3|shr,,20|jpg,90"
Prodej bytu 3+kk 74 m² (Loft),"https://d18-a.sdn.cz/d_18/c_img_gT_o/2yEBZj.jpeg?fl=res,400,300,3|shr,,20|jpg,90"
Prodej bytu 3+kk 54 m²,"https://d18-a.sdn.cz/d_18/c_img_QQ_Le/YUz7hE.jpeg?fl=res,400,300,3|shr,,20|jpg,90"
Prodej bytu 3+1 65 m²,"https://d18-a.sdn.cz/d_18/c_img_QP_K5/4THBYrs.jpeg?fl=res,400,300,3|shr,,20|jpg,90"
Prodej bytu 1+1 49 m²,"https://d18-a.sdn.cz/d_18/c_img_QM_Kb/n9EBGva.jpeg?fl=res,400,300,3|shr,,20|jpg,90"
Prodej bytu 2+1 49 m²,"https://d18-a.sdn.cz/d_18/c_img_QK_Jm/mW7EhG.jpeg?fl=res,400,300,3|shr,,20|jpg,90"
Prodej bytu 1+kk 27 m²,"https://d18-a.sdn.cz/d_18/c_img_QI_Jg/XTjBG9h.jpeg?fl=res,400,300,3|shr,,20|jpg,90"
Prodej bytu 1+1 30 m²,"https://d18-a.sdn.cz/d_18/c_img_QP_K5/suBOpH.jpeg?fl=res,400,300,3|shr,,20|jpg,90"
Prodej bytu 1+1 29 m²,"https://d18-a.sdn.cz/d_18/c_img_QJ_Jm/7rFBG2Q.jpeg?fl=res,400,300,3|shr,,20|jpg,90"
Prodej bytu 1+kk 39 m²,"https://d18-a.sdn.cz/d_18/c_img_QR_MC/8gFBG4N.jpeg?fl=res,400,300,3|shr,,20|jpg,90"
Prodej bytu 1+1 27 m²,"https://d18-a.sdn.cz/d_18/c_img_QK_Jm/frMElm.jpeg?fl=res,400,300,3|shr,,20|jpg,90"
Prodej bytu 1+kk 28 m²,"https://d18-a.sdn.cz/d_18/c_img_QM_Kb/563BG9I.jpeg?fl=res,400,300,3|shr,,20|jpg,90"
Prodej bytu 1+kk 28 m²,"https://d18-a.sdn.cz/d_18/c_img_QI_Jg/5uyBJPZ.jpeg?fl=res,400,300,3|shr,,20|jpg,90"
Prodej bytu 1+1 31 m²,"https://d18-a.sdn.cz/d_18/c_img_QO_K0/NxhBuw0.jpeg?fl=res,400,300,3|shr,,20|jpg,90"
Prodej bytu 1+kk 18 m²,"https://d18-a.sdn.cz/d_18/c_img_QN_J5/nmpSmd.jpeg?fl=res,400,300,3|shr,,20|jpg,90"
Prodej bytu 1+kk 15 m²,"https://d18-a.sdn.cz/d_18/c_img_QM_Kb/PBABNB6.jpeg?fl=res,400,300,3|shr,,20|jpg,90"
Prodej bytu 1+kk 15 m²,"https://d18-a.sdn.cz/d_18/c_img_QM_Kb/QADBNAX.jpeg?fl=res,400,300,3|shr,,20|jpg,90"
Prodej bytu 1+kk 32 m²,"https://d18-a.sdn.cz/d_18/c_img_QR_MD/roZIRW.jpeg?fl=res,400,300,3|shr,,20|jpg,90"
Prodej bytu 1+kk 42 m²,"https://d18-a.sdn.cz/d_18/c_img_QL_J4/rkNoDj.jpeg?fl=res,400,300,3|shr,,20|jpg,90"
Prodej bytu 3+kk 68 m²,"https://d18-a.sdn.cz/d_18/c_img_QI_Jg/TocBOLu.jpeg?fl=res,400,300,3|shr,,20|jpg,90"
Prodej bytu 3+kk 79 m²,"https://d18-a.sdn.cz/d_18/c_img_QM_Kb/CcmBN2P.jpeg?fl=res,400,300,3|shr,,20|jpg,90"
Prodej bytu 1+kk 42 m²,"https://d18-a.sdn.cz/d_18/c_img_QO_K1/Mz0rBT.jpeg?fl=res,400,300,3|shr,,20|jpg,90"
Prodej bytu 3+1 93 m²,"https://d18-a.sdn.cz/d_18/c_img_QI_Jb/jsqBB6q.jpeg?fl=res,400,300,3|shr,,20|jpg,90"
Prodej bytu 1+kk 26 m²,"https://d18-a.sdn.cz/d_18/c_img_QQ_Le/DCuBN5C.jpeg?fl=res,400,300,3|shr,,20|jpg,90"
